ERR6474638,Kuruka,0.66,0.07
SRR097730,Kuruka,2.17,0.21
SRR098323,Kuruka,44.89,1.33
SRR098324,Kuruka,35.71,0.63
SRR098915,Kuruka,22.28,0.48
SRR098916,Kuruka,21.95,0.31
SRR105048,Kuruka,83.63,0.27
SRR11460801,Kuruka,0.95,0.07
SRR11846555,Kuruka,4.39,0.13
SRR11846560,Kuruka,1.59,0.09
SRR11846565,Kuruka,2.03,0.09
SRR13257684,Kuruka,0.68,0.07
SRR14293140,Kuruka,0.84,0.04
SRR14293191,Kuruka,0.46,0.04
SRR14293233,Kuruka,0.20,0.02
SRR14293574,Kuruka,0.82,0.03
SRR14293576,Kuruka,0.32,0.03
SRR14294393,Kuruka,1.14,0.04
SRR14294796,Kuruka,0.86,0.03
SRR14294899,Kuruka,0.78,0.03
SRR14294940,Kuruka,0.52,0.02
SRR14294944,Kuruka,0.23,0.03
SRR14296430,Kuruka,0.53,0.05
SRR14296646,Kuruka,0.53,0.05
SRR14296993,Kuruka,0.26,0.03
SRR14297433,Kuruka,1.14,0.06
SRR14297434,Kuruka,0.33,0.04
SRR14297441,Kuruka,0.47,0.03
SRR14297455,Kuruka,0.17,0.02
SRR14297456,Kuruka,1.40,0.07
SRR14297770,Kuruka,0.75,0.05
SRR14297794,Kuruka,0.63,0.04
SRR14297795,Kuruka,0.53,0.04
SRR14297796,Kuruka,1.01,0.06
SRR14297813,Kuruka,0.43,0.03
SRR14297954,Kuruka,0.78,0.03
SRR14298002,Kuruka,0.65,0.02
SRR14298028,Kuruka,0.73,0.03
SRR14298055,Kuruka,0.37,0.03
SRR14298064,Kuruka,0.47,0.01
SRR14298091,Kuruka,0.71,0.02
SRR14298093,Kuruka,0.43,0.03
SRR14298094,Kuruka,0.65,0.04
SRR14298105,Kuruka,0.62,0.02
SRR14306821,Kuruka,11.56,1.09
SRR14306822,Kuruka,1.19,0.05
SRR14306823,Kuruka,0.19,0.02
SRR14306824,Kuruka,0.73,0.05
SRR14306825,Kuruka,1.16,0.09
SRR14306826,Kuruka,0.40,0.03
SRR14306827,Kuruka,0.51,0.04
SRR14306828,Kuruka,0.82,0.06
SRR14306829,Kuruka,0.58,0.04
SRR14306830,Kuruka,0.41,0.03
SRR14306831,Kuruka,0.38,0.03
SRR14306832,Kuruka,0.73,0.03
SRR14306833,Kuruka,0.99,0.05
SRR14306834,Kuruka,1.05,0.05
SRR14306835,Kuruka,1.25,0.12
SRR14306836,Kuruka,1.20,0.06
SRR14306837,Kuruka,1.66,0.08
SRR14306838,Kuruka,0.20,0.03
SRR14306839,Kuruka,0.94,0.07
SRR14306840,Kuruka,0.18,0.02
SRR14306841,Kuruka,1.44,0.06
SRR14306842,Kuruka,0.94,0.07
SRR14306843,Kuruka,1.48,0.07
SRR14306844,Kuruka,2.17,0.10
SRR14306845,Kuruka,1.01,0.06
SRR14306846,Kuruka,1.03,0.05
SRR14306847,Kuruka,1.02,0.05
SRR14306848,Kuruka,1.00,0.06
SRR14306849,Kuruka,0.71,0.06
SRR14306850,Kuruka,0.78,0.08
SRR14308759,Kuruka,2.46,0.08
SRR14308760,Kuruka,2.34,0.09
SRR14308761,Kuruka,2.54,0.08
SRR14308762,Kuruka,2.61,0.09
SRR14308763,Kuruka,0.82,0.04
SRR14308764,Kuruka,0.31,0.03
SRR14308765,Kuruka,0.35,0.03
SRR14308766,Kuruka,0.31,0.03
SRR14308767,Kuruka,2.34,0.08
SRR14308768,Kuruka,2.33,0.09
SRR14308769,Kuruka,2.19,0.09
SRR14308770,Kuruka,2.35,0.09
SRR14308771,Kuruka,2.12,0.08
SRR14308772,Kuruka,2.14,0.08
SRR14308773,Kuruka,2.64,0.11
SRR14308774,Kuruka,2.27,0.08
SRR14308775,Kuruka,0.13,0.02
SRR14308776,Kuruka,0.28,0.02
SRR1525694,Kuruka,1.17,0.06
SRR1525695,Kuruka,1.38,0.07
SRR1525696,Kuruka,0.86,0.06
SRR1525697,Kuruka,3.29,0.22
SRR1525698,Kuruka,1.46,0.07
SRR1525699,Kuruka,1.86,0.05
SRR1525768,Kuruka,1.60,0.06
SRR1525770,Kuruka,24.63,1.26
SRR1525773,Kuruka,1.24,0.06
SRR1662283,Kuruka,6.18,0.15
SRR1663528,Kuruka,5.92,0.12
SRR1663529,Kuruka,10.89,0.19
SRR1663530,Kuruka,4.31,0.11
SRR1663531,Kuruka,5.41,0.11
SRR1663532,Kuruka,7.18,0.14
SRR1663533,Kuruka,5.10,0.10
SRR1663534,Kuruka,2.58,0.09
SRR1663535,Kuruka,3.36,0.11
SRR1663536,Kuruka,3.06,0.10
SRR1663537,Kuruka,5.36,0.13
SRR1663538,Kuruka,3.97,0.09
SRR1663539,Kuruka,4.64,0.10
SRR1663540,Kuruka,7.45,0.14
SRR1663541,Kuruka,1.30,0.19
SRR1663542,Kuruka,5.99,0.14
SRR1663543,Kuruka,10.95,0.20
SRR1663544,Kuruka,6.81,0.16
SRR1663545,Kuruka,7.06,0.15
SRR1663546,Kuruka,0.92,0.22
SRR1663547,Kuruka,5.03,0.13
SRR1663548,Kuruka,11.01,0.22
SRR1663549,Kuruka,1.89,0.20
SRR1663550,Kuruka,6.76,0.15
SRR1663551,Kuruka,5.55,0.13
SRR1663552,Kuruka,5.72,0.13
SRR1663553,Kuruka,5.98,0.15
SRR1663554,Kuruka,0.90,0.18
SRR1663555,Kuruka,4.43,0.11
SRR1663556,Kuruka,6.58,0.12
SRR1663557,Kuruka,7.39,0.23
SRR1663558,Kuruka,4.70,0.16
SRR1663559,Kuruka,4.53,0.12
SRR1663560,Kuruka,5.96,0.17
SRR1663561,Kuruka,7.42,0.16
SRR1663562,Kuruka,6.07,0.16
SRR1663563,Kuruka,7.01,0.13
SRR1663564,Kuruka,6.93,0.12
SRR1663565,Kuruka,7.94,0.15
SRR1663566,Kuruka,8.05,0.16
SRR1663567,Kuruka,8.03,0.19
SRR1663568,Kuruka,8.90,0.17
SRR1663569,Kuruka,6.25,0.16
SRR1663570,Kuruka,7.74,0.16
SRR1663571,Kuruka,8.25,0.15
SRR1663572,Kuruka,4.70,0.13
SRR1663573,Kuruka,8.91,0.14
SRR1663574,Kuruka,8.29,0.14
SRR1663575,Kuruka,9.58,0.15
SRR1663576,Kuruka,10.45,0.18
SRR1663577,Kuruka,7.88,0.12
SRR1663578,Kuruka,5.77,0.13
SRR1663579,Kuruka,7.42,0.14
SRR1663580,Kuruka,7.07,0.14
SRR1663581,Kuruka,7.66,0.15
SRR1663582,Kuruka,9.10,0.18
SRR1663583,Kuruka,9.28,0.14
SRR1663584,Kuruka,8.56,0.16
SRR1663585,Kuruka,8.18,0.14
SRR1663586,Kuruka,10.77,0.20
SRR1663587,Kuruka,7.68,0.16
SRR1663588,Kuruka,8.29,0.13
SRR1663589,Kuruka,8.40,0.17
SRR1663590,Kuruka,6.62,0.13
SRR1663591,Kuruka,6.90,0.14
SRR1663592,Kuruka,7.75,0.16
SRR1663593,Kuruka,7.88,0.17
SRR1663594,Kuruka,8.31,0.17
SRR1663595,Kuruka,7.73,0.14
SRR1663596,Kuruka,8.40,0.14
SRR1663597,Kuruka,5.97,0.13
SRR1663598,Kuruka,9.40,0.16
SRR1663599,Kuruka,7.32,0.12
SRR1663600,Kuruka,2.25,0.09
SRR1663601,Kuruka,3.30,0.10
SRR1663602,Kuruka,3.35,0.13
SRR1663603,Kuruka,6.12,0.19
SRR1663604,Kuruka,5.87,0.17
SRR1663605,Kuruka,7.90,0.25
SRR1663606,Kuruka,3.22,0.10
SRR1663607,Kuruka,2.29,0.08
SRR1663608,Kuruka,5.20,0.14
SRR1663609,Kuruka,4.81,0.11
SRR1663610,Kuruka,4.35,0.11
SRR1663611,Kuruka,4.97,0.13
SRR1769729,Kuruka,1.10,0.08
SRR189038,Kuruka,7.01,3.06
SRR189040,Kuruka,0.97,0.26
SRR189041,Kuruka,2.75,0.25
SRR189044,Kuruka,1.08,0.06
SRR189045,Kuruka,1.41,0.14
SRR189046,Kuruka,1.67,0.11
SRR189047,Kuruka,1.36,0.12
SRR189048,Kuruka,2.43,0.16
SRR189049,Kuruka,2.04,0.08
SRR189050,Kuruka,2.37,0.18
SRR189053,Kuruka,2.99,0.40
SRR189056,Kuruka,1.94,0.14
SRR189058,Kuruka,1.50,0.11
SRR189059,Kuruka,1.34,0.09
SRR189073,Kuruka,194.27,0.39
SRR189075,Kuruka,5.50,0.22
SRR189076,Kuruka,8.32,1.02
SRR189077,Kuruka,2.67,0.24
SRR189078,Kuruka,1.32,0.10
SRR189082,Kuruka,1.97,0.12
SRR189083,Kuruka,2.32,0.14
SRR189084,Kuruka,3.48,0.15
SRR189088,Kuruka,2.25,0.28
SRR189089,Kuruka,3.50,0.43
SRR189090,Kuruka,0.80,0.07
SRR189091,Kuruka,0.96,0.11
SRR189092,Kuruka,6.25,0.91
SRR189093,Kuruka,1.44,0.17
SRR189094,Kuruka,2.06,0.27
SRR189095,Kuruka,4.56,0.65
SRR189096,Kuruka,1.01,0.13
SRR189100,Kuruka,1.94,0.14
SRR189101,Kuruka,2.44,0.14
SRR189102,Kuruka,3.20,0.32
SRR189104,Kuruka,1.83,0.14
SRR189105,Kuruka,2.98,0.28
SRR189106,Kuruka,1.81,0.12
SRR189107,Kuruka,1.58,0.14
SRR189109,Kuruka,2.17,0.09
SRR189115,Kuruka,4.69,0.10
SRR189117,Kuruka,2.76,0.11
SRR189118,Kuruka,6.47,0.08
SRR189120,Kuruka,1.57,0.11
SRR189121,Kuruka,1.89,0.14
SRR189122,Kuruka,3.75,0.25
SRR189239,Kuruka,2.36,0.14
SRR189242,Kuruka,1.96,0.13
SRR189243,Kuruka,1.89,0.15
SRR189245,Kuruka,2.84,0.22
SRR189246,Kuruka,2.92,0.09
SRR189248,Kuruka,1.30,0.09
SRR189249,Kuruka,179.93,0.26
SRR189250,Kuruka,4.84,0.05
SRR189251,Kuruka,3.46,0.13
SRR189252,Kuruka,5.34,0.09
SRR189254,Kuruka,2.62,0.15
SRR189255,Kuruka,1.94,0.16
SRR189256,Kuruka,3.63,0.43
SRR189257,Kuruka,1.84,0.08
SRR189259,Kuruka,3.33,0.08
SRR189260,Kuruka,1.88,0.12
SRR189261,Kuruka,2.00,0.15
SRR189262,Kuruka,2.00,0.22
SRR189263,Kuruka,3.06,0.21
SRR189264,Kuruka,2.85,0.09
SRR189265,Kuruka,1.84,0.13
SRR189266,Kuruka,2.57,0.17
SRR189267,Kuruka,1.62,0.18
SRR189268,Kuruka,2.87,0.17
SRR189269,Kuruka,1.48,0.17
SRR189270,Kuruka,3.93,0.41
SRR189272,Kuruka,1.52,0.11
SRR189273,Kuruka,3.09,0.17
SRR189274,Kuruka,2.15,0.13
SRR189277,Kuruka,2.30,0.34
SRR189279,Kuruka,2.53,0.33
SRR189281,Kuruka,0.78,0.06
SRR189283,Kuruka,1.38,0.11
SRR189374,Kuruka,2.66,0.14
SRR189375,Kuruka,2.22,0.12
SRR189377,Kuruka,2.30,0.20
SRR189378,Kuruka,1.72,0.17
SRR189380,Kuruka,1.93,0.12
SRR189381,Kuruka,2.95,0.13
SRR189382,Kuruka,1.85,0.25
SRR189383,Kuruka,2.20,0.14
SRR189385,Kuruka,1.85,0.14
SRR189386,Kuruka,1.66,0.14
SRR189387,Kuruka,2.36,0.15
SRR189388,Kuruka,1.54,0.14
SRR189389,Kuruka,8.38,0.51
SRR189390,Kuruka,2.99,0.20
SRR189391,Kuruka,2.52,0.21
SRR189392,Kuruka,1.54,0.14
SRR189393,Kuruka,3.13,0.29
SRR189395,Kuruka,1.81,0.21
SRR189398,Kuruka,2.07,0.16
SRR189400,Kuruka,2.01,0.14
SRR189407,Kuruka,1.55,0.09
SRR189408,Kuruka,2.44,0.12
SRR189409,Kuruka,2.00,0.11
SRR189411,Kuruka,2.28,0.10
SRR189412,Kuruka,2.65,0.24
SRR189414,Kuruka,2.69,0.26
SRR189415,Kuruka,3.06,0.31
SRR189416,Kuruka,2.18,0.15
SRR189420,Kuruka,3.69,0.13
SRR189421,Kuruka,2.55,0.11
SRR189422,Kuruka,4.68,0.22
SRR189423,Kuruka,1.06,0.08
SRR189424,Kuruka,1.10,0.07
SRR189425,Kuruka,1.37,0.16
SRR189426,Kuruka,1.97,0.24
SRR218317,Kuruka,1.71,0.12
SRR23103753,Kuruka,6.60,0.32
SRR23103754,Kuruka,6.72,0.31
SRR23103755,Kuruka,32.71,27.81
SRR23103756,Kuruka,4.99,0.27
SRR23103757,Kuruka,40.05,31.56
SRR23103759,Kuruka,9.87,0.35
SRR23103760,Kuruka,13.58,7.58
SRR23103761,Kuruka,5.65,0.30
SRR23103762,Kuruka,6.01,0.26
SRR23103763,Kuruka,27.31,19.47
SRR23103764,Kuruka,40.15,29.31
SRR23103766,Kuruka,9.22,0.28
SRR23103767,Kuruka,42.52,30.29
SRR23103768,Kuruka,6.42,0.28
SRR23103769,Kuruka,41.20,29.84
SRR23103770,Kuruka,6.26,0.35
SRR23103771,Kuruka,7.23,0.31
SRR23103772,Kuruka,5.68,0.31
SRR23103773,Kuruka,1.23,0.22
SRR23103774,Kuruka,6.28,0.30
SRR23103775,Kuruka,5.70,0.35
SRR23103777,Kuruka,6.37,0.31
SRR23103778,Kuruka,6.32,0.31
SRR23103779,Kuruka,8.42,1.55
SRR23103780,Kuruka,7.23,0.30
SRR23103781,Kuruka,7.48,0.33
SRR23103782,Kuruka,1.36,0.27
SRR23103783,Kuruka,58.04,47.10
SRR23103784,Kuruka,7.24,0.28
SRR23103785,Kuruka,6.24,0.32
SRR23103786,Kuruka,8.35,0.37
SRR23103787,Kuruka,18.17,8.78
SRR23103788,Kuruka,15.39,12.17
SRR23103789,Kuruka,31.26,20.64
SRR23103790,Kuruka,25.97,17.42
SRR23103791,Kuruka,18.20,8.85
SRR23103793,Kuruka,7.70,0.31
SRR23103794,Kuruka,5.69,0.30
SRR23103795,Kuruka,7.12,1.18
SRR23103796,Kuruka,5.16,0.24
SRR23103797,Kuruka,1.76,0.44
SRR23103798,Kuruka,6.67,0.45
SRR23103799,Kuruka,7.47,0.36
SRR23103800,Kuruka,5.87,0.29
SRR23103801,Kuruka,7.58,0.31
SRR23103802,Kuruka,1.49,0.28
SRR23103803,Kuruka,6.36,0.36
SRR23103806,Kuruka,5.99,0.32
SRR23103807,Kuruka,7.76,0.30
SRR23103808,Kuruka,26.76,17.88
SRR23103809,Kuruka,6.22,0.27
SRR23103810,Kuruka,6.14,0.27
SRR23103811,Kuruka,5.72,0.32
SRR23103812,Kuruka,5.47,0.30
SRR23103813,Kuruka,1.23,0.27
SRR23103814,Kuruka,6.22,0.31
SRR23103815,Kuruka,5.01,0.27
SRR23103816,Kuruka,7.06,0.25
SRR23103817,Kuruka,6.75,0.28
SRR23103818,Kuruka,34.96,29.23
SRR23103819,Kuruka,13.08,4.18
SRR23103820,Kuruka,5.98,0.30
SRR23103821,Kuruka,6.72,0.34
SRR23103822,Kuruka,38.76,29.67
SRR23103824,Kuruka,9.05,0.41
SRR23103825,Kuruka,5.40,0.40
SRR23103826,Kuruka,6.06,0.62
SRR23103827,Kuruka,42.91,30.49
SRR23103829,Kuruka,8.73,0.41
SRR23103830,Kuruka,8.79,2.36
SRR23103833,Kuruka,7.23,1.23
SRR23103834,Kuruka,6.12,0.29
SRR23103835,Kuruka,6.57,0.32
SRR23103836,Kuruka,7.63,0.67
SRR23103837,Kuruka,41.08,29.55
SRR23103839,Kuruka,7.54,0.31
SRR23103840,Kuruka,1.51,0.31
SRR23103841,Kuruka,8.13,0.30
SRR23103842,Kuruka,16.92,9.70
SRR23103843,Kuruka,29.21,20.95
SRR23103844,Kuruka,52.96,41.51
SRR23103845,Kuruka,6.27,0.35
SRR23103847,Kuruka,7.12,0.32
SRR23103848,Kuruka,7.73,0.32
SRR23103849,Kuruka,24.70,16.52
SRR23103851,Kuruka,16.13,9.76
SRR23103852,Kuruka,36.13,25.89
SRR23103853,Kuruka,28.25,20.60
SRR23103854,Kuruka,16.23,11.72
SRR23103855,Kuruka,16.74,13.73
SRR23103857,Kuruka,24.69,16.09
SRR23103858,Kuruka,20.15,12.70
SRR23103859,Kuruka,26.33,18.92
SRR23103860,Kuruka,6.17,1.15
SRR23103861,Kuruka,32.11,21.50
SRR23103862,Kuruka,4.95,0.32
SRR23103863,Kuruka,1.69,0.30
SRR23103866,Kuruka,6.35,0.38
SRR23103867,Kuruka,5.14,0.34
SRR23103868,Kuruka,4.51,0.30
SRR23103869,Kuruka,5.37,0.22
SRR23103870,Kuruka,5.09,0.32
SRR23103871,Kuruka,5.91,0.30
SRR23103872,Kuruka,7.49,0.53
SRR23103873,Kuruka,1.88,0.32
SRR23103874,Kuruka,9.22,0.31
SRR23103875,Kuruka,5.38,0.36
SRR23103876,Kuruka,9.82,0.37
SRR23103877,Kuruka,1.87,0.33
SRR23103878,Kuruka,9.64,0.33
SRR23103880,Kuruka,13.17,6.48
SRR23103881,Kuruka,7.24,1.13
SRR23103882,Kuruka,4.76,0.26
SRR23103883,Kuruka,7.45,0.33
SRR23103884,Kuruka,6.68,0.69
SRR23103885,Kuruka,4.86,0.25
SRR23103886,Kuruka,6.31,0.25
SRR23103887,Kuruka,32.71,23.46
SRR23103888,Kuruka,1.75,0.31
SRR23103889,Kuruka,6.87,0.29
SRR23103890,Kuruka,7.78,1.36
SRR23103892,Kuruka,5.80,0.29
SRR23103893,Kuruka,6.69,0.28
SRR23103894,Kuruka,6.43,0.34
SRR23103895,Kuruka,7.21,0.31
SRR23103896,Kuruka,5.81,0.31
SRR23103898,Kuruka,5.99,0.27
SRR23103899,Kuruka,7.55,0.37
SRR23103900,Kuruka,6.93,0.32
SRR23103901,Kuruka,1.58,0.29
SRR23103902,Kuruka,14.53,11.84
SRR23103904,Kuruka,64.64,51.21
SRR23103905,Kuruka,52.50,42.30
SRR23103906,Kuruka,57.38,46.71
SRR23103907,Kuruka,15.82,9.06
SRR23103909,Kuruka,22.63,12.75
SRR23103910,Kuruka,50.76,43.51
SRR23103912,Kuruka,6.44,0.26
SRR23103913,Kuruka,9.02,0.34
SRR23103914,Kuruka,5.03,0.30
SRR23103915,Kuruka,5.95,0.38
SRR23103916,Kuruka,6.15,0.33
SRR23103917,Kuruka,12.66,4.27
SRR23103918,Kuruka,1.86,0.35
SRR23103920,Kuruka,61.66,49.68
SRR23103921,Kuruka,7.67,0.31
SRR23103922,Kuruka,5.22,0.30
SRR23103923,Kuruka,2.66,1.28
SRR23103924,Kuruka,6.48,0.32
SRR23103925,Kuruka,8.45,0.34
SRR23103927,Kuruka,7.31,0.36
SRR23103928,Kuruka,5.27,0.31
SRR23103929,Kuruka,7.24,0.34
SRR23103930,Kuruka,8.05,0.32
SRR23103931,Kuruka,5.53,0.26
SRR23103932,Kuruka,5.29,0.19
SRR23103933,Kuruka,7.88,0.32
SRR23103934,Kuruka,1.56,0.38
SRR23103935,Kuruka,1.58,0.20
SRR23103936,Kuruka,21.61,13.54
SRR23103937,Kuruka,58.95,45.22
SRR23103938,Kuruka,7.78,0.32
SRR23103939,Kuruka,9.94,2.98
SRR23103940,Kuruka,8.72,1.72
SRR23103941,Kuruka,36.79,25.44
SRR23103942,Kuruka,46.24,36.49
SRR23103943,Kuruka,1.73,0.33
SRR23103944,Kuruka,8.19,0.41
SRR23103945,Kuruka,5.15,0.27
SRR23103946,Kuruka,7.46,0.31
SRR23103947,Kuruka,7.41,0.29
SRR23103948,Kuruka,14.13,7.31
SRR23103949,Kuruka,1.25,0.28
SRR23103950,Kuruka,6.70,0.33
SRR23103951,Kuruka,6.23,0.28
SRR23103952,Kuruka,5.70,0.35
SRR23103954,Kuruka,6.55,0.32
SRR23103955,Kuruka,6.49,0.35
SRR23103956,Kuruka,6.59,0.29
SRR23103957,Kuruka,5.98,0.31
SRR23103958,Kuruka,1.35,0.28
SRR23103960,Kuruka,8.01,0.29
SRR23103961,Kuruka,6.44,0.26
SRR23103962,Kuruka,5.77,0.29
SRR23103963,Kuruka,6.05,0.26
SRR23103965,Kuruka,5.13,0.28
SRR23103966,Kuruka,6.61,0.31
SRR23103967,Kuruka,8.19,0.31
SRR23103968,Kuruka,16.36,13.34
SRR23103969,Kuruka,6.05,0.33
SRR23103970,Kuruka,6.40,0.75
SRR23103973,Kuruka,5.72,0.29
SRR23103974,Kuruka,6.24,0.30
SRR23103975,Kuruka,7.73,0.33
SRR23103976,Kuruka,1.47,0.27
SRR23103977,Kuruka,7.10,0.31
SRR23103978,Kuruka,5.09,0.33
SRR23103979,Kuruka,21.67,12.64
SRR23103980,Kuruka,10.33,7.81
SRR23103981,Kuruka,67.96,55.11
SRR23103983,Kuruka,6.69,0.33
SRR23103984,Kuruka,51.92,34.08
SRR23103985,Kuruka,7.42,0.33
SRR23103986,Kuruka,24.96,19.08
SRR23103987,Kuruka,25.70,19.12
SRR23103988,Kuruka,5.25,0.29
SRR23103989,Kuruka,29.78,20.56
SRR23103990,Kuruka,30.90,22.47
SRR23103991,Kuruka,18.94,13.42
SRR23103992,Kuruka,19.55,12.36
SRR23103993,Kuruka,27.25,18.69
SRR23103994,Kuruka,21.46,17.90
SRR23103995,Kuruka,27.32,18.43
SRR23103996,Kuruka,24.57,16.58
SRR23103997,Kuruka,25.91,20.08
SRR23103998,Kuruka,22.60,16.02
SRR23103999,Kuruka,7.01,0.30
SRR23104001,Kuruka,38.72,28.94
SRR23104002,Kuruka,24.54,16.83
SRR23104003,Kuruka,24.98,16.79
SRR23104004,Kuruka,16.10,9.82
SRR23104005,Kuruka,21.54,14.97
SRR23104006,Kuruka,22.72,16.31
SRR23104007,Kuruka,29.59,20.57
SRR23104008,Kuruka,30.72,22.04
SRR23104009,Kuruka,17.68,14.44
SRR23104010,Kuruka,22.53,14.08
SRR23104011,Kuruka,5.97,0.40
SRR23104012,Kuruka,28.61,23.48
SRR23104013,Kuruka,9.73,0.34
SRR23104014,Kuruka,12.43,0.36
SRR23104016,Kuruka,6.76,0.33
SRR23104017,Kuruka,7.98,0.31
SRR23104018,Kuruka,10.85,0.36
SRR23104020,Kuruka,8.29,0.31
SRR23104021,Kuruka,1.63,0.29
SRR23104023,Kuruka,18.63,11.25
SRR23104024,Kuruka,21.76,12.48
SRR23104025,Kuruka,9.40,0.31
SRR23104026,Kuruka,7.40,0.34
SRR23104027,Kuruka,1.64,0.30
SRR23104028,Kuruka,21.65,13.63
SRR23104029,Kuruka,9.12,0.35
SRR23104030,Kuruka,8.24,0.32
SRR23104031,Kuruka,9.15,0.32
SRR23104032,Kuruka,8.75,0.35
SRR23104033,Kuruka,6.61,0.34
SRR23104034,Kuruka,5.40,0.57
SRR23104035,Kuruka,9.48,0.70
SRR23104036,Kuruka,8.58,0.29
SRR23104038,Kuruka,10.15,0.36
SRR23104039,Kuruka,15.05,8.42
SRR23104040,Kuruka,4.36,0.28
SRR23104041,Kuruka,9.38,0.34
SRR23104042,Kuruka,6.44,0.32
SRR23104043,Kuruka,54.72,42.38
SRR23104044,Kuruka,6.11,0.30
SRR23105310,Kuruka,3.38,1.40
SRR23105311,Kuruka,4.62,2.55
SRR23105312,Kuruka,8.12,5.24
SRR23105313,Kuruka,9.60,5.55
SRR23876562,Kuruka,5.94,0.07
SRR23876563,Kuruka,8.91,0.10
SRR23876564,Kuruka,38.93,0.30
SRR23876565,Kuruka,54.48,0.47
SRR23876566,Kuruka,133.50,1.11
SRR23876567,Kuruka,24.72,0.20
SRR23876568,Kuruka,19.32,0.18
SRR23876569,Kuruka,14.06,0.13
SRR23876570,Kuruka,14.14,0.13
SRR23876571,Kuruka,9.66,0.11
SRR23876572,Kuruka,15.89,0.14
SRR23876573,Kuruka,15.69,0.14
SRR23876574,Kuruka,58.17,0.40
SRR23876575,Kuruka,9.70,0.12
SRR23876576,Kuruka,11.02,0.14
SRR23876577,Kuruka,6.80,0.10
SRR23876578,Kuruka,8.03,0.12
SRR23876579,Kuruka,12.61,0.16
SRR23876580,Kuruka,11.08,0.13
SRR23876581,Kuruka,9.54,0.10
SRR23876582,Kuruka,10.60,0.13
SRR23876583,Kuruka,10.35,0.14
SRR23876584,Kuruka,8.89,0.12
SRR23876585,Kuruka,49.09,0.36
SRR23876586,Kuruka,9.30,0.13
SRR306609,Kuruka,17.33,14.21
SRR306611,Kuruka,36.99,31.79
SRR306612,Kuruka,11.14,8.80
SRR306614,Kuruka,1.27,0.08
SRR306616,Kuruka,1.51,0.13
SRR306618,Kuruka,1.95,0.20
SRR306619,Kuruka,1.17,0.13
SRR306621,Kuruka,1.53,0.15
SRR306622,Kuruka,1.99,0.38
SRR306623,Kuruka,2.31,0.39
SRR306624,Kuruka,0.83,0.10
SRR306629,Kuruka,2.75,0.29
SRR306630,Kuruka,2.05,0.18
SRR306631,Kuruka,2.23,0.34
SRR306632,Kuruka,2.47,0.38
SRR306633,Kuruka,1.32,0.10
SRR306634,Kuruka,1.72,0.23
SRR3590548,Kuruka,6.80,0.23
SRR3590549,Kuruka,6.84,0.25
SRR3590550,Kuruka,4.50,0.18
SRR3590551,Kuruka,2.44,0.07
SRR3590552,Kuruka,5.57,0.18
SRR3590553,Kuruka,7.63,0.26
SRR3590554,Kuruka,12.83,0.32
SRR3590555,Kuruka,16.10,0.37
SRR3590556,Kuruka,7.73,0.17
SRR3590557,Kuruka,3.51,0.08
SRR3590558,Kuruka,9.44,0.31
SRR3590559,Kuruka,5.57,0.20
SRR3590560,Kuruka,12.53,0.15
SRR3590561,Kuruka,3.86,0.08
SRR3590562,Kuruka,9.21,0.20
SRR3590563,Kuruka,2.92,0.10
SRR3939042,Kuruka,4.91,0.24
SRR3939043,Kuruka,5.00,0.18
SRR3939044,Kuruka,4.33,0.16
SRR3939045,Kuruka,5.92,0.30
SRR3939046,Kuruka,4.29,0.19
SRR3939047,Kuruka,4.89,0.23
SRR3939048,Kuruka,8.58,0.33
SRR3939049,Kuruka,3.61,0.18
SRR3939050,Kuruka,3.49,0.16
SRR3939051,Kuruka,8.80,0.25
SRR3939052,Kuruka,9.06,0.22
SRR3939053,Kuruka,10.55,0.22
SRR3939054,Kuruka,6.41,0.22
SRR3939055,Kuruka,7.97,0.17
SRR3939056,Kuruka,12.69,0.34
SRR3939057,Kuruka,12.98,0.39
SRR3939058,Kuruka,11.68,0.29
SRR3939059,Kuruka,10.88,0.26
SRR3939076,Kuruka,9.20,0.19
SRR3939077,Kuruka,12.13,0.16
SRR3939078,Kuruka,10.56,0.91
SRR3939080,Kuruka,9.56,0.25
SRR3939081,Kuruka,8.68,0.23
SRR3939082,Kuruka,12.09,0.29
SRR3939083,Kuruka,10.55,0.24
SRR3939084,Kuruka,12.78,0.31
SRR3939085,Kuruka,10.84,0.21
SRR3939086,Kuruka,11.27,0.24
SRR3939087,Kuruka,7.93,0.18
SRR3939088,Kuruka,9.11,0.21
SRR3939089,Kuruka,11.78,0.26
SRR3939091,Kuruka,7.10,0.17
SRR3939092,Kuruka,7.50,0.17
SRR3939093,Kuruka,11.61,0.33
SRR3939094,Kuruka,12.93,0.30
SRR3939095,Kuruka,9.66,0.28
SRR3939096,Kuruka,8.41,0.19
SRR3939097,Kuruka,10.55,0.17
SRR3939098,Kuruka,5.28,0.19
SRR3939099,Kuruka,9.03,0.23
SRR3939100,Kuruka,6.01,0.30
SRR3939101,Kuruka,4.22,0.20
SRR3939102,Kuruka,3.52,0.17
SRR3939103,Kuruka,4.00,0.21
SRR3939104,Kuruka,3.80,0.14
SRR457669,Kuruka,3.54,0.04
SRR457697,Kuruka,3.52,0.03
SRR457698,Kuruka,4.10,0.04
SRR457701,Kuruka,5.94,0.06
SRR457707,Kuruka,4.90,0.04
SRR5647729,Kuruka,7.31,0.12
SRR5647730,Kuruka,17.32,0.26
SRR5647731,Kuruka,8.39,0.16
SRR5647732,Kuruka,6.35,0.13
SRR5647733,Kuruka,5.26,0.12
SRR5647734,Kuruka,4.97,0.11
SRR5647735,Kuruka,6.31,0.14
SRR5647736,Kuruka,4.70,0.09
SRR5647737,Kuruka,5.43,0.10
SRR5647738,Kuruka,5.55,0.10
SRR5647739,Kuruka,6.27,0.14
SRR5647740,Kuruka,7.32,0.13
SRR5647741,Kuruka,6.88,0.15
SRR5647742,Kuruka,9.08,0.15
SRR5647743,Kuruka,7.28,0.14
SRR5647744,Kuruka,5.35,0.13
SRR5647745,Kuruka,4.84,0.13
SRR5647746,Kuruka,8.78,0.13
SRR5647747,Kuruka,10.34,0.16
SRR5647748,Kuruka,9.40,0.12
SRR5647749,Kuruka,10.85,0.14
SRR5647750,Kuruka,11.66,0.12
SRR5647751,Kuruka,6.40,0.10
SRR5647752,Kuruka,6.62,0.11
SRR5647753,Kuruka,6.78,0.10
SRR5647754,Kuruka,4.84,0.10
SRR5647755,Kuruka,8.56,0.11
SRR5647756,Kuruka,4.02,0.10
SRR5647757,Kuruka,7.78,0.14
SRR5647758,Kuruka,9.49,0.14
SRR5647759,Kuruka,4.56,0.12
SRR5647760,Kuruka,4.41,0.11
SRR5647761,Kuruka,5.18,0.11
SRR5647762,Kuruka,3.15,0.09
SRR5647763,Kuruka,4.00,0.09
SRR5647764,Kuruka,4.44,0.12
SRR5647765,Kuruka,4.78,0.11
SRR5647766,Kuruka,5.23,0.10
SRR5647767,Kuruka,5.33,0.12
SRR5647768,Kuruka,3.97,0.12
SRR5647769,Kuruka,9.64,0.22
SRR5647770,Kuruka,6.99,0.16
SRR5647771,Kuruka,6.44,0.14
SRR5647772,Kuruka,5.20,0.12
SRR5647773,Kuruka,7.69,0.15
SRR5647774,Kuruka,8.42,0.16
SRR5647775,Kuruka,7.77,0.11
SRR5647776,Kuruka,7.47,0.21
SRR8061818,Kuruka,1.63,0.16
SRR8061819,Kuruka,1.50,0.14
SRR8439107,Kuruka,1.30,0.10
SRR8439108,Kuruka,4.73,0.10
SRR8439109,Kuruka,1.24,0.07
SRR8439110,Kuruka,1.04,0.06
SRR8439111,Kuruka,1.62,0.08
SRR8439112,Kuruka,0.85,0.04
SRR8439113,Kuruka,1.45,0.10
SRR8439114,Kuruka,0.75,0.04
SRR8439115,Kuruka,3.69,0.15
SRR8439116,Kuruka,1.03,0.06
SRR8439117,Kuruka,1.19,0.09
SRR8439118,Kuruka,0.96,0.04
SRR8439119,Kuruka,0.75,0.05
SRR8439120,Kuruka,0.85,0.05
SRR8439121,Kuruka,0.86,0.04
SRR8439122,Kuruka,0.76,0.04
SRR8439123,Kuruka,1.19,0.06
SRR8439124,Kuruka,0.86,0.04
SRR8439125,Kuruka,1.24,0.05
SRR8439126,Kuruka,1.51,0.05
SRR8439127,Kuruka,1.11,0.09
SRR8439128,Kuruka,3.80,0.17
SRR8439129,Kuruka,1.01,0.05
SRR8439130,Kuruka,0.83,0.04
SRR8439131,Kuruka,2.16,0.05
SRR8439132,Kuruka,0.84,0.04
SRR8439133,Kuruka,1.08,0.05
SRR8439134,Kuruka,0.92,0.03
SRR8439135,Kuruka,0.81,0.03
SRR8439136,Kuruka,0.76,0.02
SRR8439137,Kuruka,0.87,0.05
SRR8439138,Kuruka,0.83,0.04
SRR8439139,Kuruka,4.16,0.15
SRR8439140,Kuruka,4.50,0.18
SRR8439141,Kuruka,1.05,0.06
SRR8439142,Kuruka,1.01,0.05
SRR8439143,Kuruka,1.01,0.06
SRR8439144,Kuruka,0.77,0.04
SRR8439145,Kuruka,1.40,0.07
SRR8439146,Kuruka,0.84,0.05
SRR8439147,Kuruka,3.61,0.15
SRR8439148,Kuruka,0.82,0.04
SRR8439149,Kuruka,4.04,0.16
SRR8439150,Kuruka,0.73,0.03
SRR8439151,Kuruka,1.39,0.07
SRR8439152,Kuruka,0.98,0.05
SRR8439153,Kuruka,1.46,0.10
SRR8439154,Kuruka,0.90,0.06
SRR8439155,Kuruka,1.04,0.07
SRR8439156,Kuruka,1.24,0.06
SRR8439157,Kuruka,1.06,0.05
SRR8439158,Kuruka,1.02,0.06
SRR8439159,Kuruka,1.12,0.07
SRR8439160,Kuruka,0.74,0.04
SRR8439161,Kuruka,0.76,0.03
SRR8439162,Kuruka,0.92,0.04
SRR8439163,Kuruka,0.65,0.03
SRR8439164,Kuruka,0.77,0.03
SRR8439165,Kuruka,0.87,0.05
SRR8439166,Kuruka,0.79,0.04
SRR8439167,Kuruka,4.16,0.17
SRR8439168,Kuruka,0.90,0.03
SRR8439169,Kuruka,4.72,0.20
SRR8494422,Kuruka,4.35,0.18
SRR8494423,Kuruka,4.08,0.17
SRR8494424,Kuruka,4.30,0.17
SRR8494425,Kuruka,4.83,0.19
SRR8494426,Kuruka,1.16,0.09
SRR8494427,Kuruka,4.48,0.19
SRR8494428,Kuruka,4.89,0.21
SRR8494429,Kuruka,3.19,0.17
SRR8494430,Kuruka,4.08,0.17
SRR8494431,Kuruka,4.11,0.17
SRR8494432,Kuruka,4.43,0.19
SRR8494433,Kuruka,3.98,0.15
SRR8494434,Kuruka,3.56,0.15
SRR8494435,Kuruka,3.83,0.15
SRR8494436,Kuruka,4.02,0.16
SRR8494437,Kuruka,4.31,0.17
SRR8494438,Kuruka,3.47,0.15
SRR8494439,Kuruka,3.03,0.13
SRR8494440,Kuruka,3.82,0.17
SRR8494441,Kuruka,3.07,0.12
SRR8494442,Kuruka,2.49,0.12
SRR8494443,Kuruka,3.15,0.14
SRR8494444,Kuruka,3.92,0.17
SRR8494445,Kuruka,3.02,0.14
SRR8494446,Kuruka,4.05,0.15
SRR8494447,Kuruka,3.61,0.18
SRR8494448,Kuruka,3.79,0.15
SRR8494449,Kuruka,3.80,0.16
SRR8494450,Kuruka,4.36,0.28
SRR8494451,Kuruka,3.94,0.15
SRR8494452,Kuruka,3.91,0.16
SRR8494453,Kuruka,4.02,0.16
SRR8494454,Kuruka,4.01,0.16
SRR8494455,Kuruka,3.83,0.17
SRR8494456,Kuruka,3.04,0.18
SRR8494457,Kuruka,2.73,0.14
SRR8494458,Kuruka,3.37,0.14
SRR8494459,Kuruka,3.69,0.15
SRR8494460,Kuruka,3.76,0.16
SRR8494461,Kuruka,3.87,0.17
SRR8494462,Kuruka,3.58,0.18
SRR8494463,Kuruka,4.08,0.19
SRR8494464,Kuruka,3.39,0.15
SRR8494465,Kuruka,3.90,0.16
SRR8494466,Kuruka,4.03,0.17
SRR8494467,Kuruka,3.61,0.15
SRR8494468,Kuruka,3.60,0.16
SRR8494469,Kuruka,4.36,0.18
SRR8494470,Kuruka,2.93,0.22
SRR8494471,Kuruka,2.65,0.12
SRR8494472,Kuruka,4.05,0.16
SRR8494473,Kuruka,2.80,0.13
SRR8494474,Kuruka,3.03,0.13
SRR8494475,Kuruka,2.59,0.13
SRR8494476,Kuruka,4.22,0.24
SRR8494477,Kuruka,3.77,0.15
SRR8494478,Kuruka,4.30,0.17
SRR8494479,Kuruka,3.57,0.15
SRR900425,Kuruka,2.21,0.17
SRR9951090,Kuruka,2.11,0.13
